SET IDENTITY_INSERT [dbo].[tusm_tipos_documentos] ON;
INSERT INTO [dbo].[tusm_tipos_documentos] ([tipo_documento_id], [codigo], [nombre], [tipo_codificacion], [caracteres_max], [mascara], [orden], [controlar_mascara], [validacion_reniec], [reg_exp], [tipo], [longitud_exacta], [state], [user_create], [created_at], [delete_at], [user_update], [update_at], [user_delete]) VALUES (N'1', N'CEX', N'Carne de Extranjeria', N'', N'9', N'999999999', N'2', N'0', N'0', N'^[0-9]{9}$', N'2', N'0', N'1', N'1', N'2021-05-05 00:00:00.000', NULL, NULL, NULL, NULL);
INSERT INTO [dbo].[tusm_tipos_documentos] ([tipo_documento_id], [codigo], [nombre], [tipo_codificacion], [caracteres_max], [mascara], [orden], [controlar_mascara], [validacion_reniec], [reg_exp], [tipo], [longitud_exacta], [state], [user_create], [created_at], [delete_at], [user_update], [update_at], [user_delete]) VALUES (N'2', N'CID', N'Codigo de Identidad (Otro)', N'', N'7', N'9999999', N'3', N'0', N'0', N'^[0-9]+$', N'1', N'0', N'1', N'1', N'2021-05-05 00:00:00.000', NULL, NULL, NULL, NULL);
INSERT INTO [dbo].[tusm_tipos_documentos] ([tipo_documento_id], [codigo], [nombre], [tipo_codificacion], [caracteres_max], [mascara], [orden], [controlar_mascara], [validacion_reniec], [reg_exp], [tipo], [longitud_exacta], [state], [user_create], [created_at], [delete_at], [user_update], [update_at], [user_delete]) VALUES (N'4', N'DNI', N'Documento nacional de identificacion', N'', N'8', N'99999999', N'1', N'0', N'0', N'^[0-9]{8}$', N'1', N'1', N'1', N'1', N'2021-05-05 00:00:00.000', NULL, NULL, NULL, NULL);
INSERT INTO [dbo].[tusm_tipos_documentos] ([tipo_documento_id], [codigo], [nombre], [tipo_codificacion], [caracteres_max], [mascara], [orden], [controlar_mascara], [validacion_reniec], [reg_exp], [tipo], [longitud_exacta], [state], [user_create], [created_at], [delete_at], [user_update], [update_at], [user_delete]) VALUES (N'5', N'PAS', N'Pasaporte', N'', N'20', N'', N'4', N'0', N'0', N'^(?!(0))[a-zA-Z0-9]+$', N'2', N'0', N'0', N'1', N'2021-05-05 00:00:00.000', NULL, NULL, NULL, NULL);
INSERT INTO [dbo].[tusm_tipos_documentos] ([tipo_documento_id], [codigo], [nombre], [tipo_codificacion], [caracteres_max], [mascara], [orden], [controlar_mascara], [validacion_reniec], [reg_exp], [tipo], [longitud_exacta], [state], [user_create], [created_at], [delete_at], [user_update], [update_at], [user_delete]) VALUES (N'6', N'RUC', N'Registro Unico de Contribuyentes', N'', N'11', N'99999999999', N'5', N'0', N'0', N'^(10|20)[0-9]{9}$', N'1', N'1', N'0', N'1', N'2021-05-05 00:00:00.000', NULL, NULL, NULL, NULL);
SET IDENTITY_INSERT [dbo].[tusm_tipos_documentos] OFF;

SET IDENTITY_INSERT tm_entidades ON;
INSERT INTO tm_entidades ([entidad_id], [codigo], [empresa_id], [canal_comercial_id], [nombre], [agencia_recaudacion_atis], [state], [user_create], [created_at]) VALUES (1998, '00546', 78, 7, 'OVERLANDES S.A. PROVINCIAS', 'GRIMALDO FINANCIA', '1', 7, '2021-06-03 22:17:34.380');
INSERT INTO tm_entidades ([entidad_id], [codigo], [empresa_id], [canal_comercial_id], [nombre], [agencia_recaudacion_atis], [state], [user_create], [created_at]) VALUES (1999, '00039', 78, 7, 'OVERLANDES S.A.LIMA', 'GRIMALDO FINANCIA', '1', 7, '2021-06-03 22:17:34.380');
INSERT INTO tm_entidades ([entidad_id], [codigo], [empresa_id], [canal_comercial_id], [nombre], [agencia_recaudacion_atis], [state], [user_create], [created_at]) VALUES (3229, '99999', 72, 1, 'PRUEBA ORQUESTADOR', 'GRIMALDO FINANCIA', '1', 7, '2021-06-03 22:17:34.380');
INSERT INTO tm_entidades ([entidad_id], [codigo], [empresa_id], [canal_comercial_id], [nombre], [agencia_recaudacion_atis], [state], [user_create], [created_at]) VALUES (2792, '05005', 1, 102, 'VENTAS RECEPTIVAS MOVILES', 'GRIMALDO FINANCIA', '1', 7, '2021-06-03 22:17:34.380');
SET IDENTITY_INSERT tm_entidades OFF;

SET IDENTITY_INSERT tm_puntos_ventas ON;
INSERT INTO tm_puntos_ventas ([punto_venta_id], [grupo_ad], [codigo_agencia], [codigo_atis], [codigo], [entidad_id], [nombre], [ubigeo], [state], [user_create], [created_at]) VALUES (4380, NULL, '0001', NULL, '05005004', 2792, 'TELEMARKETING', '150101', '1', 7, '2021-06-03 23:08:29.393');
INSERT INTO tm_puntos_ventas ([punto_venta_id], [grupo_ad], [codigo_agencia], [codigo_atis], [codigo], [entidad_id], [nombre], [ubigeo], [state], [user_create], [created_at]) VALUES (5073, NULL, '0001', '3861', '00039003', 1999, 'C.C MEGAPLAZA-INDEPENDENCIA', '150112', '1', 7, '2021-06-03 23:08:29.393');
INSERT INTO tm_puntos_ventas ([punto_venta_id], [grupo_ad], [codigo_agencia], [codigo_atis], [codigo], [entidad_id], [nombre], [ubigeo], [state], [user_create], [created_at]) VALUES (5075, NULL, '0001', NULL, '00039015', 1999, 'CC. PLAZA SAN MIGUEL TDA. 47', '150136', '1', 7, '2021-06-03 23:08:29.393');
INSERT INTO tm_puntos_ventas ([punto_venta_id], [grupo_ad], [codigo_agencia], [codigo_atis], [codigo], [entidad_id], [nombre], [ubigeo], [state], [user_create], [created_at]) VALUES (8437, 'GS-EX-PR-FSCAJA', '0030', '20394', '9999999', 3229, 'ORQUESTADOR', '150143', '1', 7, '2021-06-03 23:08:29.393');
INSERT INTO tm_puntos_ventas ([punto_venta_id], [grupo_ad], [codigo_agencia], [codigo_atis], [codigo], [entidad_id], [nombre], [ubigeo], [state], [user_create], [created_at]) VALUES (4830, NULL, '0001', NULL, '00546002', 1998, 'CHINCHA', '110201', '1', 7, '2021-06-03 23:08:29.393');
SET IDENTITY_INSERT tm_puntos_ventas OFF;

SET IDENTITY_INSERT tus_personas ON;
INSERT INTO tus_personas ([persona_id], [tipo_documento_id], [numero_doc], [nombres], [paterno], [materno], [email], [telefono_celular], [autenticacion_biometrica], [es_vendedor], [state], [user_create], [created_at], [fecha_nacimiento]) VALUES (308, 1, '000234884', 'GUSTAVO', 'HERNANDEZ', 'GUTIERREZ', 'iluvtr@gmail.com', '918852627', '1', '1', '1', 0, '2022-06-02 12:24:32.550', '1988-03-01');
INSERT INTO tus_personas ([persona_id], [tipo_documento_id], [numero_doc], [nombres], [paterno], [materno], [email], [telefono_celular], [autenticacion_biometrica], [es_vendedor], [state], [user_create], [created_at], [fecha_nacimiento]) VALUES (311, 1, '002039883', 'hugo ', 'gutierrez', 'palimina', 'iluvtr@gmail.com', '918852627', '0', '0', '1', 0, '2022-06-06 22:07:13.493', '1996-06-04');
INSERT INTO tus_personas ([persona_id], [tipo_documento_id], [numero_doc], [nombres], [paterno], [materno], [email], [telefono_celular], [autenticacion_biometrica], [es_vendedor], [state], [user_create], [created_at], [fecha_nacimiento]) VALUES (312, 4, '46513273', 'LUIS GUSTAVO', 'BARBOZA', 'PARIONA', 'iluvtr@gmail.com', '918852627', '0', '0', '1', 0, '2022-06-06 22:07:13.927', '1990-09-14');
SET IDENTITY_INSERT tus_personas OFF;


SET IDENTITY_INSERT tsg_usuarios ON;
INSERT INTO tsg_usuarios ([usuario_id], [persona_id], [punto_venta_id], [nombre], [perfil_id], [contrasena], [cambia_contrasena], [bloqueado], [usuario_servicio], [validar_totp_login], [state], [user_create], [created_at]) VALUES (177, NULL, NULL, 'HAROSS', NULL, '$2a$10$ridH4bL2sCMOO061v2Xl7OBfN0yYAP8x.UhgD4/ZNUGdBig70wjUq', '0', '0', '1', '0', '1', 8, '2021-08-19 23:14:03.460');
INSERT INTO tsg_usuarios ([usuario_id], [persona_id], [punto_venta_id], [nombre], [perfil_id], [contrasena], [cambia_contrasena], [bloqueado], [usuario_servicio], [validar_totp_login], [state], [user_create], [created_at]) VALUES (309, 308, 4830, 'ghernandezg', 144, '$2a$10$DdbbDN059/xip/lfzgry2OhCMc08C6iDXTeyIlJ3wgJsOlshlAI/6', '1', '0', '0', '1', '1', 0, '2022-06-02 12:24:32.900');
INSERT INTO tsg_usuarios ([usuario_id], [persona_id], [punto_venta_id], [nombre], [perfil_id], [contrasena], [cambia_contrasena], [bloqueado], [usuario_servicio], [validar_totp_login], [state], [user_create], [created_at]) VALUES (311, 311, 5075, 'hgutierrezp', 144, '$2a$10$ISmuykCiub2rvWNt7voNae4E4u/LiRKQ3OthMtRAMz3H9/PWQu8yK', '1', '0', '0', '1', '1', 0, '2022-06-06 22:07:13.690');
INSERT INTO tsg_usuarios ([usuario_id], [persona_id], [punto_venta_id], [nombre], [perfil_id], [contrasena], [cambia_contrasena], [bloqueado], [usuario_servicio], [validar_totp_login], [state], [user_create], [created_at]) VALUES (312, 312, 5075, 'lbarbozap', 144, '$2a$10$CpFPYpV2DuMclqXUZYaBk.N7LT/tE1wTXMeaT2D.vh4JH2jWYPhya', '1', '0', '0', '1', '1', 0, '2022-06-06 22:07:14.020');
SET IDENTITY_INSERT tsg_usuarios OFF;

SET IDENTITY_INSERT tga_roles_personas ON;
INSERT INTO tga_roles_personas ([rol_persona_id], [persona_id], [rol_funcional_id], [punto_venta_id], [fecha_inicio], [solicitud_id_crea], [solicitud_id_baja], [state], [user_create], [created_at]) VALUES (245, 308, 54, 4830, '2022-06-02', 2367, NULL, '1', 0, '2022-06-02 12:24:32.560');
INSERT INTO tga_roles_personas ([rol_persona_id], [persona_id], [rol_funcional_id], [punto_venta_id], [fecha_inicio], [solicitud_id_crea], [solicitud_id_baja], [state], [user_create], [created_at]) VALUES (248, 311, 54, 5075, '2022-06-06', 2369, NULL, '1', 0, '2022-06-06 22:07:13.500');
INSERT INTO tga_roles_personas ([rol_persona_id], [persona_id], [rol_funcional_id], [punto_venta_id], [fecha_inicio], [solicitud_id_crea], [solicitud_id_baja], [state], [user_create], [created_at]) VALUES (249, 312, 58, 5075, '2022-06-06', 2370, NULL, '1', 0, '2022-06-06 22:07:13.927');
SET IDENTITY_INSERT tga_roles_personas OFF;